旅店名稱,旅客評分,旅客評鑑數目,旅店當天價格,行政區,lat,log
洛碁大飯店松山館 (Green World SongShan),8.6,2577.0,2129.0,南港區,25.04525,121.58351
摩莎曼拉精品旅館 - 台北車站館 (Moshamanla-Main Station),8.3,15200.0,1007.0,中正區,25.04615,121.51277
新驛旅店復興北路店 (Cityinn Hotel Plus Fuxing N.Rd. Branch),9.1,5779.0,1772.0,中山區,25.05954,121.54378
富信大飯店 - 台北旗艦館 (Fushin Hotel-Taipei),8.5,2793.0,1875.0,汐止區,25.05523,121.63143
台北君悅酒店 (Grand Hyatt Taipei),8.8,2518.0,3886.0,信義區,25.03543,121.5625
和苑三井花園飯店 台北忠孝 (MGH Mitsui Garden Hotel Taipei Zhongxiao),9.0,196.0,2887.0,大安區,25.0419,121.53404
蒲園飯店 (Golden Garden Hotel),8.7,986.0,1999.0,松山區,25.04852,121.5632
F Hotel 台北蘆洲館 (F Hotel Luzhou Taipei),8.7,812.0,2150.0,蘆洲區,25.08123,121.47985
台北天晴青年旅店 (Taipei Sunny Hostel),9.4,2148.0,1029.0,中正區,25.04268,121.51373
趣淘漫旅 - 台北 (HOTEL CHAM CHAM - Taipei),9.0,11321.0,1627.0,板橋區,25.01121,121.4631
豪景大酒店新館 (New Riverview Suites),8.1,2900.0,1824.0,萬華區,25.04433,121.50144
洛碁大飯店忠孝館 (Green World ZhongXiao),8.7,5467.0,1685.0,大安區,25.04098,121.55129
凱統大飯店 (Kdm Hotel),8.0,3681.0,1462.0,大安區,25.0419,121.53329
台北晶華酒店 (Regent Taipei Hotel),8.9,3054.0,6102.0,中山區,25.05419,121.52403
東龍大飯店 (East Dragon Hotel),7.8,2196.0,1289.0,萬華區,25.04565,121.50769
帥客旅店 (Saual Keh Hotel),7.7,2975.0,1185.0,中正區,25.03011,121.51941
洛碁大飯店南港館 (Green World NanGang),8.5,3898.0,2269.0,南港區,25.05244,121.61115
阿樹國際旅店 (arTree Hotel),8.8,3095.0,2464.0,松山區,25.04787,121.55256
台北天成大飯店 (Cosmos Hotel Taipei),8.3,7996.0,2755.0,中正區,25.04638,121.51806
台北美侖大飯店 (Park Taipei Hotel),8.5,10193.0,1913.0,大安區,25.03409,121.54364
函舍商務旅店 (Han She Business Hotel),7.5,1904.0,1655.0,萬華區,25.04285,121.50502
台北花園大酒店 (Taipei Garden Hotel),8.2,4641.0,3115.0,中正區,25.03648,121.50671
翰品酒店 新莊 (Chateau de Chine Xinzhuang),8.6,1731.0,2186.0,新莊區,25.03767,121.45753
沃田旅店 (Mellow Fields Hotel),8.5,2797.0,2348.0,士林區,25.12293,121.5316
捷絲旅 - 西門町館 (Just Sleep Hotel Ximending),8.5,6192.0,1984.0,萬華區,25.04475,121.50886
台北萬豪酒店 (Taipei Marriott Hotel),8.6,626.0,5229.0,中山區,25.08046,121.55873
成旅晶贊飯店 - 台北蘆洲  (Park City Hotel – Luzhou Taipei),8.8,5851.0,2597.0,蘆洲區,25.08049,121.48024
天閣酒店 - 台北信義店 (Tango Hotel Taipei XinYi),8.3,3121.0,2408.0,信義區,25.04113,121.57277
台北新板希爾頓酒店 (Hilton Taipei Sinban),8.9,1150.0,3240.0,板橋區,25.0113,121.46225
美麗信花園酒店 (Miramar Garden Hotel),8.4,4042.0,3195.0,中山區,25.04505,121.53693
台北福華大飯店 (The Howard Plaza Hotel Taipei),8.1,4299.0,2700.0,大安區,25.03757,121.54245
台北凱達大飯店 (Caesar Metro Taipei),8.6,14633.0,1905.0,萬華區,25.03326,121.49968
德立莊酒店 (Hotel Midtown Richardson),8.0,22035.0,2168.0,萬華區,25.04272,121.50924
老爺會館台北林森 - 華山1914文化創意產業園區 (Royal Inn Taipei Linsen - Huashan 1914 Creative Park),8.4,2217.0,1724.0,中山區,25.04972,121.52468
老爺會館台北南西 - 捷運中山站 (Royal Inn Taipei Nanxi - MRT Zhongshan Station),8.4,2871.0,1933.0,中山區,25.0526,121.5215
凱旋酒店 (Just Palace),8.9,1777.0,2263.0,內湖區,25.07757,121.57794
路境行旅 (Finders Hotel),8.7,8232.0,1729.0,中正區,25.04308,121.51249
台北W酒店 (W Taipei),8.9,2324.0,7214.0,信義區,25.04068,121.56565
Hotel PaPa Whale,8.3,14580.0,1673.0,萬華區,25.04664,121.50516
睡台北時尚旅店 - 南雅夜市館 (Sleep Taipei Hotel - Nan Ya Market),7.7,1998.0,2178.0,板橋區,25.00672,121.45588
台北西華飯店 (The Sherwood Taipei),8.7,4684.0,4019.0,松山區,25.05821,121.54553
薆悅酒店野柳渡假館 (Inhouse Hotel Yehliu),8.3,1848.0,3924.0,萬里區,25.20418,121.69011
怡品商旅 (Eastin-Taipei Hotel),8.7,5604.0,2456.0,大安區,25.04177,121.54747
台北凱撒大飯店 (Caesar Park Hotel Taipei),8.1,15787.0,5401.0,中正區,25.04619,121.51621
首都大飯店 (Capital Hotel),8.4,519.0,6671.0,中山區,25.0657,121.55472
丰居旅店-忠孝館 (Via Hotel Zhongxiao),8.4,2188.0,1904.0,大安區,25.04334,121.54283
柔美精品商旅 (Beauty Hotels Roumei Boutique),8.1,2783.0,1945.0,中山區,25.05443,121.53574
尚印旅店 (Stay Inn),8.3,2452.0,1422.0,中山區,25.05737,121.52283
喜瑞飯店 (Ambience Hotel),8.6,3790.0,2049.0,中山區,25.04791,121.52916
凱旋酒店 (Just Palace),8.9,1777.0,2263.0,內湖區,25.07757,121.57794
千彩格精品旅店 (Colors Infinity Inn),8.1,1303.0,1437.0,中山區,25.05577,121.52504
台北清翼居旅店 (Morwing Hotel),8.2,1995.0,1270.0,板橋區,25.05741,121.52219
丹迪旅店 大安森林公園店 (Dandy Hotel Daan Branch),8.8,4104.0,2293.0,大安區,25.03378,121.53447
洛碁三貝茲 (Green World Triplebeds),8.7,2026.0,1818.0,松山區,25.0481,121.55831
華山文旅 (Wallsun HOTEL),7.9,1819.0,2581.0,中正區,25.04422,121.53022
璞漣商旅 - 台北車站店 (Hotel Puri Taipei Station Branch),8.1,2561.0,1788.0,中正區,25.05016,121.51535
路境行旅 (Finders Hotel),8.7,8232.0,1729.0,中正區,25.04311,121.51277
國聯大飯店 (United Hotel),8.1,8648.0,1536.0,大安區,25.04217,121.5571
城市商旅 - 南西館 (City Suites - Nanxi),8.3,2289.0,1881.0,大同區,25.05411,121.51252
新驛旅店西門捷運店 (Cityinn Hotel Plus Ximending Branch),8.7,5881.0,2390.0,萬華區,25.04192,121.5091
台北蘆洲集賢商旅 (Hotel G7 Taipei),8.1,1065.0,1144.0,蘆洲區,25.08322,121.48031
丰居旅店 - 雙連館  (Via Hotel Loft),8.5,4860.0,1838.0,中山區,25.05798,121.52421
台北馥華商旅 - 敦北館 (Simple+ Hotel),8.6,4167.0,1558.0,松山區,25.05031,121.54483
Hotel PaPa Whale,8.3,14580.0,1673.0,萬華區,25.04664,121.50516
馥都飯店 (Grand Forward Hotel),8.8,2759.0,2944.0,板橋區,25.00763,121.45807
睡台北時尚旅店 - 南雅夜市館 (Sleep Taipei Hotel - Nan Ya Market),7.7,1998.0,2178.0,板橋區,25.00672,121.45588
旅樂序精品旅館二館 (Hotel Relax II),8.5,5076.0,2192.0,中正區,25.04528,121.51423
台北王朝大酒店 (Sunworld Dynasty Hotel),7.8,5039.0,2802.0,松山區,25.05266,121.54804
台北東旅 (Hotel East Taipei),8.7,2286.0,2246.0,松山區,25.05182,121.5602
長榮桂冠酒店 (Evergreen Laurel Hotel),8.8,2226.0,3074.0,中山區,25.04883,121.53305
米尼旅店 (miniinn),8.9,417.0,537.0,中正區,25.04609,121.51879
台北有園飯店 (U Hotel Taipei),8.2,1561.0,2204.0,中山區,25.05182,121.53744
台北城大飯店 (Taipei City Hotel),8.3,2855.0,2302.0,大同區,25.05938,121.51324
台北美福大飯店 (Grand Mayfull Hotel Taipei),9.0,1114.0,6312.0,中山區,25.0804,121.55369
六福萬怡酒店 (Courtyard Taipei),8.5,583.0,6424.0,南港區,25.05277,121.6061
承億文旅淡水吹風 (Hotelday Plus Tamsui),8.0,4093.0,2751.0,淡水區,25.18169,121.42125
天成文旅-華山町 (Hua Shan Din by Cosmos Creation - Huashan 1914 Creative Park),8.9,1932.0,2448.0,中正區,25.04328,121.53007
台北西華飯店 (The Sherwood Taipei),8.7,4684.0,4019.0,松山區,25.05821,121.54553
旅樂序精品旅館站前一館 (Hotel Relax),8.4,3037.0,1760.0,中正區,25.04593,121.51454
美麗殿商旅-板橋館 (Merryday Hotel Banqiao Branch),8.0,4964.0,1402.0,板橋區,25.00931,121.45784
城市商旅站前館 (City Suites - Main station),8.5,2636.0,1641.0,中正區,25.04975,121.51574
林口亞昕福朋喜來登酒店 (Four Points by Sheraton Linkou),8.7,84.0,3600.0,林口區,25.06635,121.36064
薆悅酒店野柳渡假館 (Inhouse Hotel Yehliu),8.3,1848.0,3924.0,萬里區,25.20418,121.69011
丰居旅店北車館 (Via Hotel Taipei Station),8.9,3353.0,2206.0,中正區,25.04384,121.51286
首都大飯店松山館 (Capital Hotel Songshan),8.1,4376.0,1925.0,松山區,25.04983,121.57544
路徒行旅 (Roaders Hotel),8.9,5543.0,2030.0,萬華區,25.04509,121.51003
美亞商旅 (Mayer Inn),8.4,2685.0,1461.0,中正區,25.04623,121.51562
丰居旅店西門館 (Via Hotel Ximen),8.8,5762.0,2651.0,萬華區,25.044,121.50758
怡品商旅 (Eastin-Taipei Hotel),8.7,5604.0,2456.0,大安區,25.04177,121.54747
台北凱撒大飯店 (Caesar Park Hotel Taipei),8.1,15787.0,5401.0,中正區,25.04619,121.51621
首都大飯店 (Capital Hotel),8.4,519.0,6671.0,中山區,25.0657,121.56229
台北東旅 (Hotel East Taipei),8.7,2286.0,2246.0,松山區,25.05182,121.5602
長榮桂冠酒店 (Evergreen Laurel Hotel),8.8,2226.0,3074.0,中山區,25.04883,121.53305
米尼旅店 (miniinn),8.9,417.0,537.0,中正區,25.0461,121.51867
臺北摩莎精品旅店 (Taipei M Hotel - Main Station),8.2,6125.0,1082.0,中正區,25.04506,121.51269
台北有園飯店 (U Hotel Taipei),8.2,1561.0,2204.0,中山區,25.05182,121.53744
台北城大飯店 (Taipei City Hotel),8.3,2855.0,2302.0,大同區,25.05804,121.51652
薆悅酒店 (inhouse Hotel),8.4,4647.0,2151.0,萬華區,25.04507,121.50647
昇美精品旅店 (Beauty Hotels Taipei- Hotel Bchic),8.0,1589.0,1252.0,中山區,25.05367,121.52759
六福萬怡酒店 (Courtyard Taipei),8.5,583.0,6424.0,南港區,25.05277,121.6061
承億文旅淡水吹風 (Hotelday Plus Tamsui),8.0,4093.0,2751.0,淡水區,25.18169,121.42125
西門讚 (Simonzen),5.8,10.0,1732.0,萬華區,25.04522,121.50325
丹迪旅店天津店 (Dandy Hotel Tianjin),9.0,2104.0,1758.0,中山區,25.05175,121.52337
圓山大飯店 (Grand Hotel),8.4,5543.0,,中山區,25.07872,121.52631
旅樂序精品旅館站前一館 (Hotel Relax),8.4,3037.0,1760.0,中正區,25.04593,121.51454
漁人碼頭休閒旅館 (The Fisher Hotel),8.1,1512.0,1812.0,淡水區,25.18167,121.42033
新驛旅店台北車站三館 (CityInn Hotel Taipei Station Branch III),8.6,4191.0,1335.0,中正區,25.05107,121.51644
美麗殿商旅-板橋館 (Merryday Hotel Banqiao Branch),8.0,4964.0,1402.0,板橋區,25.00931,121.45784
城市商旅站前館 (City Suites - Main station),8.5,2636.0,1641.0,中正區,25.0508,121.512
林口亞昕福朋喜來登酒店 (Four Points by Sheraton Linkou),8.7,84.0,3600.0,林口區,25.06635,121.36064
旅樂序精品旅館站前三館 (Hotel Relax III),8.5,2766.0,1843.0,中正區,25.04508,121.51383
丰居旅店北車館 (Via Hotel Taipei Station),8.9,3353.0,2206.0,中正區,25.04384,121.51286
久居棧旅店 (9ine Hotel),8.3,2114.0,1353.0,大同區,25.06255,121.51129
傑仕堡商旅板橋館 (Jasper Hotel Banqiao Taipei),9.1,114.0,3698.0,板橋區,25.01753,121.46932
長富時尚旅店 (Homeyhouse),8.5,2519.0,1652.0,中山區,25.05482,121.52573
首都大飯店松山館 (Capital Hotel Songshan),8.1,4376.0,1925.0,松山區,25.04983,121.57544
首府旅館 (Sofu Hotel),7.8,910.0,999.0,板橋區,25.00744,121.46218
香奈爾精品汽車旅館-新莊館 (surreal motel),8.6,367.0,2211.0,新莊區,25.02846,121.43361
路徒行旅 (Roaders Hotel),8.9,5543.0,2030.0,萬華區,25.04509,121.51003
美亞商旅 (Mayer Inn),8.4,2685.0,1461.0,中正區,25.04623,121.51562
尤利西斯旅店 (Ulysses Hotel),8.7,1134.0,1429.0,中正區,25.04919,121.51944
新驛旅店台北車站二館 (CityInn Hotel Taipei Station Branch II),8.7,3089.0,1335.0,中正區,25.05116,121.5164
大倉久和大飯店  (The Okura Prestige Taipei Hotel),9.0,3591.0,9116.0,中山區,25.05248,121.52309
永安棧 (WESTGATE Hotel),8.6,6529.0,3178.0,萬華區,25.04291,121.50785
北投熱海溫泉大飯店 (Atami Hotel Taipei Onsen),6.9,1358.0,2218.0,北投區,25.13681,121.50913
丹迪旅店 - 天母店 (Dandy Hotel - Tianmu Branch),8.9,2927.0,1917.0,士林區,25.11457,121.52775
台北老爺大酒店 (Hotel Royal Nikko Taipei),8.8,2371.0,3571.0,中山區,25.05387,121.5227
和逸飯店‧台北忠孝館 (Hotel Cozzi Zhongxiao Taipei),8.7,1388.0,3929.0,中正區,25.04456,121.52512
丰居旅店西門館 (Via Hotel Ximen),8.8,5762.0,2651.0,萬華區,25.044,121.50758
玫瑰精品旅館新生館 (Rose Boutique Hotel Taipei City  Center),8.5,599.0,2576.0,大安區,25.04083,121.53573
茄子青旅 (Hostel Jiizu),8.4,4490.0,1095.0,松山區,25.05189,121.56045
台北怡亨酒店 (Hotel Eclat Taipei),8.6,1484.0,4626.0,大安區,25.03374,121.54816
文舺行旅 (Monka Hotel),8.7,778.0,1599.0,萬華區,25.03804,121.50009
台北中山雅樂軒酒店 (Aloft Taipei Zhongshan),8.4,246.0,4500.0,中山區,25.06302,121.52425
西悠飯店 (C U Hotel),8.5,4137.0,758.0,大同區,25.05701,121.51627
西門大飯店 - A館 (Ximen Hotel - A),8.0,2638.0,1240.0,萬華區,25.04559,121.50858
神旺商務酒店 (San Want Residences Taipei),9.0,1960.0,4315.0,中山區,25.05191,121.52689
Triple Tiger Hostel,8.5,1163.0,,萬華區,25.04371,121.50433
台北北門窩泊旅 (Beimen Wow Poshtel),8.5,4214.0,606.0,中正區,25.05224,121.51529
美亞商旅 (Mayer Inn),8.4,2685.0,1461.0,中正區,25.04623,121.51562
一加一旅館 (One Plus One Hotel),7.7,2849.0,676.0,萬華區,25.04705,121.50564
綠峯渡假山莊 (Greenpeak Holiday Villa),7.4,278.0,2301.0,金山區,25.18816,121.58863
尤利西斯旅店 (Ulysses Hotel),8.7,1134.0,1429.0,中正區,25.04919,121.51944
新驛旅店台北車站二館 (CityInn Hotel Taipei Station Branch II),8.7,3089.0,1335.0,中正區,25.05116,121.5164
永安棧 (WESTGATE Hotel),8.6,6529.0,3178.0,萬華區,25.04312,121.50774
北投熱海溫泉大飯店 (Atami Hotel Taipei Onsen),6.9,1358.0,2218.0,北投區,25.13681,121.50913
天津大飯店 (Tien Chin Hotel),7.6,165.0,863.0,中山區,25.05106,121.5232
丹迪旅店 - 天母店 (Dandy Hotel - Tianmu Branch),8.9,2927.0,1917.0,士林區,25.11457,121.52775
和逸飯店‧台北忠孝館 (Hotel Cozzi Zhongxiao Taipei),8.7,1388.0,3929.0,中正區,25.04439,121.52368
大板根森林溫泉酒店 (Great Roots Forestry Spa Resort),8.3,1657.0,7991.0,三峽區,24.87101,121.40668
闊飯店- 台北 (Hotel Quote Taipei),8.7,1804.0,3525.0,松山區,25.05208,121.54719
意芙旅店 (If Inn),8.4,632.0,1514.0,大同區,25.05921,121.51134
玫瑰精品旅館新生館 (Rose Boutique Hotel Taipei City  Center),8.5,599.0,2576.0,大安區,25.0411,121.53496
旅樂序精品旅館站前五館 (Hotel Relax V),8.6,2841.0,1289.0,中正區,25.0462,121.5129
茄子青旅 (Hostel Jiizu),8.4,4490.0,1095.0,松山區,25.05189,121.56045
台北怡亨酒店 (Hotel Eclat Taipei),8.6,1484.0,4626.0,大安區,25.03374,121.54816
文舺行旅 (Monka Hotel),8.7,778.0,1599.0,萬華區,25.03757,121.49951
大來飯店 (Delight Hotel),8.1,1462.0,1636.0,松山區,25.05443,121.54466
囍閱文旅 (Hotel Attic),8.8,636.0,1331.0,萬華區,25.04078,121.50671
慕居行旅 (Members Hotel at Taipei 101),8.7,1569.0,1340.0,信義區,25.03192,121.55841
台北中山雅樂軒酒店 (Aloft Taipei Zhongshan),8.4,246.0,4500.0,中山區,25.06302,121.52425
囍門旅店 (DB Apartment),8.0,621.0,1796.0,萬華區,25.04833,121.50763
西悠飯店 (C U Hotel),8.5,4137.0,758.0,大同區,25.05701,121.51627
西門大飯店 - A館 (Ximen Hotel - A),8.0,2638.0,1240.0,萬華區,25.04559,121.50858
甲山林湯旅 (JSL HOTEL),8.4,495.0,1969.0,中山區,25.056,121.53966
豪景大酒店 (Hotel Riverview),7.3,3411.0,1818.0,萬華區,25.04458,121.5015
詩漫精品旅館 - 站前館 (Smile Inn - Taipei Main Station),8.2,5506.0,1721.0,中正區,25.04579,121.51463
力麗哲園 - 台北 (Lealea Garden Hotels - Taipei),7.9,1311.0,1861.0,松山區,25.04907,121.56392
瑪奇文旅 (Macchi Hotel),8.4,1381.0,1454.0,文山區,24.99267,121.54166
好得文旅 (chill roof),9.0,876.0,2748.0,中山區,25.05232,121.52824
台北國際飯店 (Taipei International Hotel),7.6,404.0,3394.0,中山區,25.05189,121.52486
金帥飯店 (Kingshi Hotel),7.1,3493.0,942.0,萬華區,25.04262,121.50443
富裕自由旅店 - 林森館 (RF Hotel - Lin Sen),8.0,1766.0,2056.0,中山區,25.04968,121.52559
灝美旅舍忠孝敦化店 (Homy Inn Zhongxiao Dunhua),8.2,1986.0,1643.0,大安區,25.04176,121.54809
台灣青旅膠囊旅店 (Taiwan Youth Hostel & Capsule Hotel),9.2,2873.0,1361.0,中正區,25.04558,121.51808
碩美精品旅店 (Beauty Hotels Taipei- Hotel Bstay),8.4,1006.0,1747.0,中山區,25.05737,121.52283
淡水海灣驛站 (Bayview Tamsui Hotel),8.3,879.0,3101.0,淡水區,25.1691,121.44485
五月家台大館 (May Rooms Taipei NTU),8.3,1715.0,1351.0,文山區,25.01051,121.53687
悠趣旅店 (URTRIP Hotel),8.5,3022.0,2256.0,松山區,25.04834,121.54462
台北綠蒂飯店 (Taipei Lotty Hotel),8.0,1651.0,1728.0,中山區,25.0653,121.52669
台北喜來登大飯店 (Sheraton Grand Taipei Hotel),8.4,993.0,7014.0,中正區,25.04468,121.52203
谷墨商旅 (Goodmore Hotel),8.2,5353.0,2784.0,大安區,25.02667,121.53069
"福容大飯店台北一館 (Fullon Hotel Taipei, Central)",8.0,1145.0,7604.0,大安區,25.03664,121.53699
馥華大觀商務旅館 (Hotel Purity),7.7,1054.0,1692.0,新莊區,25.0361,121.45358
台北香城大飯店 (Charming City Hotel Taipei),7.8,939.0,1923.0,大安區,25.03336,121.55508
日光拾玖 (Sky19 Hotel),8.8,1115.0,2301.0,中正區,25.04593,121.51575
茄子青旅 (Hostel Jiizu),8.4,4490.0,1095.0,松山區,25.05189,121.56045
藝宿商旅台北寧夏館 (YI SU HOTEL – TAIPEI NINGXIA),8.0,2216.0,1504.0,中正區,25.05339,121.51385
慕軒飯店 (Madison Taipei Hotel),8.8,1184.0,5857.0,大安區,25.03404,121.54907
華泰瑞舍 (Gloria Residence),8.8,521.0,4072.0,中山區,25.05725,121.52545
文舺行旅 (Monka Hotel),8.7,778.0,1599.0,萬華區,25.03757,121.49951
大來飯店 (Delight Hotel),8.1,1462.0,1636.0,松山區,25.05443,121.54466
囍閱文旅 (Hotel Attic),8.8,636.0,1331.0,萬華區,25.04078,121.50671
雅歌會館 (YA-GO RIVER LODGE),7.8,486.0,1741.0,淡水區,25.16896,121.4478
叙美精品旅店 (Beauty Hotels Taipei- Hotel B7),8.1,2048.0,1363.0,中正區,25.04274,121.5131
福爾摩莎101青年旅館 (Formosa 101 Hostel),8.5,2314.0,1084.0,信義區,25.02872,121.55697
大稻埕花園旅店 (DG Hotel),8.6,512.0,3079.0,大同區,25.06219,121.50894
囍門旅店 (DB Apartment),8.0,621.0,1796.0,萬華區,25.16896,121.4478
西門航棧商旅 (Ximen Airline Hotel),8.5,1582.0,2398.0,萬華區,25.04317,121.50786
正點商務旅店 (Cheng Dian Hotel),7.7,992.0,1633.0,板橋區,25.01352,121.46032
甲山林湯旅 (JSL HOTEL),8.4,495.0,1969.0,中山區,25.056,121.53966
豪景大酒店 (Hotel Riverview),7.3,3411.0,1818.0,萬華區,25.04457,121.50148
宜家商旅 (La Maison Hotel),8.4,2824.0,1925.0,內湖區,25.0742,121.58944
華泰王子大飯店 (Gloria Prince),7.8,1171.0,2933.0,中山區,25.05788,121.52543
力麗哲園 - 台北 (Lealea Garden Hotels - Taipei),7.9,1311.0,1861.0,松山區,25.04907,121.56392
好得文旅 (chill roof),9.0,876.0,2748.0,中山區,25.05232,121.52824
台北士林萬麗酒店 (Renaissance Taipei Shihlin Hotel),8.7,334.0,6000.0,士林區,25.09284,121.52873
泉都溫泉會館 (Chyuan Du Spring Resort),8.0,4886.0,2045.0,北投區,25.13628,121.50444
台北國際飯店 (Taipei International Hotel),7.6,404.0,3394.0,中山區,25.05189,121.52486
金帥飯店 (Kingshi Hotel),7.1,3493.0,942.0,萬華區,25.04262,121.50443
玫瑰精品旅館雙城館 (Rose Boutique Hotel shuangcheng Hall),8.5,910.0,2403.0,中山區,25.06578,121.52347
台北叙美行旅 - Hotel B7 Journey (Beauty Hotels Taipei - Hotel B7 Journey),8.1,2513.0,1391.0,中正區,25.04293,121.51288
樂居·微風 (Hotel le Home),8.9,1081.0,2301.0,中山區,25.05759,121.52348
富裕自由旅店 - 林森館 (RF Hotel - Lin Sen),8.0,1766.0,2056.0,中山區,25.04795,121.52161
北投老爺酒店 (Hotel Royal Beitou),8.9,2166.0,8001.0,北投區,25.13751,121.50351
原宿時空膠囊旅館 (UZ hostel),8.6,2088.0,523.0,板橋區,25.00878,121.46122
和逸飯店‧台北民生館 (Hotel Cozzi Minsheng Taipei),8.5,1364.0,4114.0,中山區,25.05767,121.53476
yummy,4.5,8.0,2177.0,萬華區,25.04976,121.52409
台灣青旅膠囊旅店 (Taiwan Youth Hostel & Capsule Hotel),9.2,2873.0,1361.0,中正區,25.04505,121.5175
碩美精品旅店 (Beauty Hotels Taipei- Hotel Bstay),8.4,1006.0,1747.0,中山區,25.05737,121.52283
淡水海灣驛站 (Bayview Tamsui Hotel),8.3,879.0,3101.0,淡水區,25.1691,121.44485
泊客青旅 (PARK HOSTEL),7.4,624.0,642.0,中正區,25.0457,121.51751
北投水美溫泉會館 (Beitou Sweetme Hotspring Resort),7.9,5341.0,5271.0,北投區,25.13615,121.50481
台北綠蒂飯店 (Taipei Lotty Hotel),8.0,1651.0,1728.0,中山區,25.0653,121.52669
柯達大飯店台北一店 (K Hotel Taipei),8.4,829.0,4793.0,中山區,25.05285,121.52296
上樺旅棧 (Good Life Hotel - Shang Hwa),8.3,525.0,2174.0,中山區,25.06364,121.52427
台北喜來登大飯店 (Sheraton Grand Taipei Hotel),8.4,993.0,7014.0,中正區,25.04468,121.52203
燦路都飯店 (Hotel Sunroute Taipei),8.1,1486.0,1823.0,中山區,25.06296,121.52311
甲山林湯旅 (JSL HOTEL),8.4,495.0,1969.0,中山區,25.056,121.53966
維多麗亞酒店 (Grand Victoria Hotel),8.4,670.0,8327.0,中山區,25.08427,121.55871
華泰王子大飯店 (Gloria Prince),7.8,1171.0,2933.0,中山區,25.05788,121.52543
歐遊國際連鎖精品旅館 - 新莊館 (ALL-UR Chain Boutique Motel),8.2,1436.0,2609.0,新莊區,25.05929,121.46029
友統大飯店 (Yotong Hotel),8.0,664.0,1365.0,大安區,25.04171,121.55144
九份風箏博物館民宿 (CF Kite Homestay),7.4,166.0,2456.0,瑞芳區,25.11061,121.84428
旅晨行旅 (Re-Change Hotel),8.1,2279.0,1250.0,中正區,25.04686,121.51319
台北士林萬麗酒店 (Renaissance Taipei Shihlin Hotel),8.7,334.0,6000.0,士林區,25.09284,121.52873
台北國際飯店 (Taipei International Hotel),7.6,404.0,3394.0,中山區,25.05189,121.52487
峻美精品商旅 (Beauty Hotels Taipei - Hotel Bnight),7.8,662.0,1128.0,中山區,25.05482,121.52589
YMCA台北青年國際旅館 (Y Hotel),8.2,3053.0,1855.0,中正區,25.04579,121.51637
金帥飯店 (Kingshi Hotel),7.1,3493.0,942.0,萬華區,25.04262,121.50443
玫瑰精品旅館雙城館 (Rose Boutique Hotel shuangcheng Hall),8.5,910.0,2403.0,中山區,25.06578,121.52347
愛行旅 (Hotel I Journey),8.5,1367.0,1573.0,中山區,25.05772,121.52195
新尚旅店 (Hotel 73),8.6,2908.0,1112.0,中正區,25.03466,121.52626
樂居·微風 (Hotel le Home),8.9,1081.0,2301.0,中山區,25.05759,121.52348
台北旅坊 (Bon Hotel Taipei),8.4,188.0,1894.0,中山區,25.05077,121.53319
台北北城大飯店 (City Hotel Taipei),7.7,361.0,1316.0,中山區,25.05481,121.5411
富裕自由旅店 - 林森館 (RF Hotel - Lin Sen),8.0,1766.0,2056.0,中山區,25.04968,121.52559
北投輕行旅 (Hotel Leisure Taipei),8.4,3678.0,1867.0,北投區,25.1379,121.48533
原宿時空膠囊旅館 (UZ hostel),8.6,2088.0,523.0,板橋區,25.00878,121.46122
和逸飯店‧台北民生館 (Hotel Cozzi Minsheng Taipei),8.5,1364.0,4114.0,中山區,25.05745,121.5364
城市商旅 - 北門館 (City Suites - Beimen),8.4,2253.0,1440.0,大同區,25.05215,121.5106
這裡那裡青年旅店站前館 (Here There Hostel Taipei),7.7,4062.0,828.0,中正區,25.0454,121.51543
麗敦精緻旅店 (Reedon Boutique Hotel),8.2,462.0,1869.0,士林區,25.10246,121.52127
yummy,4.5,8.0,2177.0,萬華區,25.05772,121.53535
密都飯店 (Meadow Hotel Taipei),7.4,1005.0,1097.0,中山區,25.05458,121.53813
碩美精品旅店 (Beauty Hotels Taipei- Hotel Bstay),8.4,1006.0,1747.0,中山區,25.05737,121.52283
淡水海灣驛站 (Bayview Tamsui Hotel),8.3,879.0,3101.0,淡水區,25.1691,121.44485
華夏香格里拉汽車旅館 (SL Motel),7.2,465.0,1226.0,中和區,24.9938,121.48439
泊客青旅 (PARK HOSTEL),7.4,624.0,642.0,中正區,25.04636,121.51976
賦樂旅居 (Hotel Proverbs Taipei),9.0,413.0,6630.0,大安區,25.04303,121.54581
北投水美溫泉會館 (Beitou Sweetme Hotspring Resort),7.9,5341.0,5271.0,北投區,25.13615,121.50481
立建旅館 (Hotel Lee Chan),7.1,784.0,904.0,松山區,25.04987,121.57523
野趣旅舍 (T.O. Hotel),8.3,720.0,1106.0,大同區,25.05563,121.51775
柯達大飯店台北一店 (K Hotel Taipei),8.4,829.0,4793.0,中山區,25.05285,121.52296
上樺旅棧 (Good Life Hotel - Shang Hwa),8.3,525.0,2174.0,中山區,25.06364,121.52427
台北喜來登大飯店 (Sheraton Grand Taipei Hotel),8.4,993.0,7014.0,中正區,25.04468,121.52203
"豪爵大飯店台北館 (The Metro Hotel, Taipei)",7.7,526.0,1404.0,中山區,25.06509,121.53143
台北文華東方酒店 (Mandarin Oriental Taipei),9.2,549.0,10571.0,松山區,25.05575,121.54793
台北漫步 - 西門館 (Meander Taipei Hostel - Ximending),8.8,3338.0,1564.0,萬華區,25.04388,121.50226
101艾美琪旅店六星級背包客 (Amici Hotel Six Star Hostel),8.3,3830.0,2377.0,大安區,25.04343,121.54276
玫瑰精品旅館雙城館 (Rose Boutique Hotel shuangcheng Hall),8.5,910.0,2403.0,中山區,25.06578,121.52347
樂居·微風 (Hotel le Home),8.9,1081.0,2301.0,中山區,25.05759,121.52348
台北旅坊 (Bon Hotel Taipei),8.4,188.0,1894.0,中山區,25.05077,121.53319
台北亞太H帝國 (Taipei AP H Imperial),8.5,3939.0,1067.0,中正區,25.04627,121.51563
台北北城大飯店 (City Hotel Taipei),7.7,361.0,1316.0,中山區,25.05481,121.5411
原宿時空膠囊旅館 (UZ hostel),8.6,2088.0,523.0,板橋區,25.00878,121.46122
這裡那裡青年旅店站前館 (Here There Hostel Taipei),7.7,4062.0,828.0,中正區,25.04611,121.51824
麗敦精緻旅店 (Reedon Boutique Hotel),8.2,462.0,1869.0,士林區,25.10246,121.52127
密都飯店 (Meadow Hotel Taipei),7.4,1005.0,1097.0,中山區,25.0546,121.53835
191旅店- 寧夏分館 (191 Hotel - Ninxia),8.5,1381.0,912.0,大同區,25.05471,121.51482
九份聽山 (Jiufen Mountains Echoed B&B),7.8,1930.0,1129.0,瑞芳區,25.10693,121.84212
凡登台北商務旅店 (Vendome Hotel),7.6,5945.0,1566.0,大安區,25.04173,121.55131
台北海灣假日酒店 (HiONE Holiday Hotel Taipei),7.6,136.0,2945.0,深坑區,25.00428,121.5985
東驛商務旅館 (E-House Hotel),7.8,2733.0,991.0,萬華區,25.04463,121.50565
Amy台北台大公館國際酒店式公寓 (Amy House NTU Taipei Gongguan Loft),8.9,148.0,1952.0,中正區,25.01588,121.5319
泊客青旅 (PARK HOSTEL),7.4,624.0,642.0,中正區,25.04551,121.5172
美麗殿精品旅館 - 中和館 (Merryday Motel Zhonghe Branch),8.3,818.0,2342.0,中和區,25.00628,121.48779
賦樂旅居 (Hotel Proverbs Taipei),9.0,413.0,6630.0,大安區,25.04303,121.54581
立建旅館 (Hotel Lee Chan),7.1,784.0,904.0,松山區,25.04987,121.57523
麗都飯店 (Rido Hotel),8.5,1648.0,1871.0,大安區,25.0338,121.53352
臺北天禾旅店 (Taipei Timho Hotel),7.9,6279.0,925.0,萬華區,25.04267,121.50778
玫瑰精品旅館林森館 (Rose Boutique Hotel),8.1,541.0,2085.0,中山區,25.05095,121.52529
新驛旅店台北車站一館  (CityInn Hotel Taipei Station Branch I),8.6,2166.0,1535.0,中正區,25.04622,121.51409
幸福棧 (Lucky House),7.6,11.0,2320.0,瑞芳區,25.11235,121.85273
平溪十分旅人民宿 (Traveler's Lodge),8.5,86.0,1577.0,平溪區,25.04366,121.77825
野趣旅舍 (T.O. Hotel),8.3,720.0,1106.0,大同區,25.05563,121.51775
上樺旅棧 (Good Life Hotel - Shang Hwa),8.3,525.0,2174.0,中山區,25.06364,121.52427
柯達大飯店台北一店 (K Hotel Taipei),8.4,829.0,4793.0,中山區,25.05285,121.52296
瘋台北青旅 (Fun Inn Taipei),8.0,1070.0,747.0,萬華區,25.04573,121.51055
台北西門町意舍 (Amba Taipei Ximending),8.5,4698.0,3997.0,萬華區,25.04517,121.50536
"豪爵大飯店台北館 (The Metro Hotel, Taipei)",7.7,526.0,1404.0,中山區,25.06499,121.53095
富粧商務旅店 (Fu Chang Hotel),7.5,808.0,983.0,萬華區,25.04587,121.50293
幸福蘋果旅店 (Lucky Apple Hotel),8.5,451.0,2061.0,萬華區,25.04437,121.5043
York Hotel ,8.1,4633.0,1466.0,中正區,25.04501,121.51597
台北文華東方酒店 (Mandarin Oriental Taipei),9.2,549.0,10571.0,松山區,25.05575,121.54793
士林公寓 (Shihlin Service Apartment),7.7,1479.0,1440.0,士林區,25.09119,121.52438
沃客商旅-新舍館 (Walker Hotel - Xinshe),7.7,198.0,1672.0,三重區,25.06038,121.49785
龍山商旅 (Long Shan Hotel),8.1,749.0,1076.0,萬華區,25.03761,121.49965
台北漫步 - 西門館 (Meander Taipei Hostel - Ximending),8.8,3338.0,1539.0,萬華區,25.04388,121.50226
卡夫人背包客棧 台北車站青年館 (Cavemen Hostel Taipei Station Youth Branch),8.6,2099.0,878.0,中正區,25.04466,121.51467
旅行邦尼青年旅店 (tourist Bunny Hostel),8.7,616.0,1367.0,淡水區,25.17028,121.44225
橙舍青旅 - 台北一館 (TW-Taipei City Hostel),7.7,1292.0,1265.0,萬華區,25.0457,121.50689
東驛商旅西寧館 (E-House),8.2,1768.0,3853.0,萬華區,25.04458,121.50543
平溪十分旅人民宿 (Traveler's Lodge),8.5,86.0,1577.0,平溪區,25.04366,121.77825
幸福棧 (Lucky House),7.6,11.0,2320.0,瑞芳區,25.11235,121.85273
野趣旅舍 (T.O. Hotel),8.3,720.0,1106.0,大同區,25.05563,121.51775
儷客旅店 - 西門町館 (Click Hotel - Ximending Branch),8.5,971.0,1689.0,萬華區,25.04551,121.50607
泊居旅店 (Ours Inn),8.1,1814.0,1342.0,中山區,25.05562,121.52512
千嘉旅店 (Qian Jia Hotel),5.4,45.0,929.0,板橋區,25.00784,121.45607
瘋台北青旅 (Fun Inn Taipei),8.0,1070.0,747.0,萬華區,25.04573,121.51055
Jimmy's House,7.6,336.0,1171.0,中山區,25.05267,121.52101
雅都旅社   (Ya Dou Hotel),6.1,242.0,1133.0,板橋區,25.00795,121.45579
"豪爵大飯店台北館 (The Metro Hotel, Taipei)",7.7,526.0,1404.0,中山區,25.06509,121.53143
東門3號膠囊旅店 (DONGMEN 3 Hostel),9.1,2729.0,831.0,大安區,25.03382,121.52747
富粧商務旅店 (Fu Chang Hotel),7.5,808.0,983.0,萬華區,25.04677,121.50583
The Corner House (The Corner  House),8.9,406.0,,大安區,25.03489,121.53422
T.O.Hotel-北車館 (T.O.Hotel-Main Station),9.1,563.0,1162.0,中正區,25.04583,121.5143
雪瓈花園汽車旅館  (Sydney Motel),7.7,54.0,1368.0,土城區,24.97102,121.43674
台北伸適商旅 (Hotel Sense),8.2,684.0,2073.0,中山區,25.0611,121.52558
幸福蘋果旅店 (Lucky Apple Hotel),8.5,451.0,2061.0,萬華區,25.04428,121.50389
York Hotel ,8.1,4633.0,1466.0,中正區,25.04507,121.51586
未央居景觀民宿 (Way Young House),8.6,482.0,2154.0,瑞芳區,25.11142,121.84675
林森Loft (Linsen Loft),7.6,670.0,1122.0,中山區,25.06179,121.52529
中山19行旅 (Zhongshan 19),7.5,1352.0,1085.0,中山區,25.0599,121.52179
華達大飯店 (New May Flower Hotel),7.1,638.0,,中正區,25.0467,121.51348
太平洋商旅 (Pacific Business Hotel),8.3,3303.0,2500.0,信義區,25.03238,121.55776
台北文華東方酒店 (Mandarin Oriental Taipei),9.2,549.0,10571.0,松山區,25.05575,121.54793
士林公寓 (Shihlin Service Apartment),7.7,1479.0,1440.0,士林區,25.09119,121.52438
沃客商旅-新舍館 (Walker Hotel - Xinshe),7.7,198.0,1672.0,三重區,25.06038,121.49785
龍山商旅 (Long Shan Hotel),8.1,749.0,1076.0,萬華區,25.03761,121.49965
悅榕汽車旅館 (Love Tree Motel),7.6,27.0,1529.0,板橋區,25.00637,121.45812
三和旅舍  (Sun Ho Inn),7.7,195.0,909.0,三重區,25.06766,121.50043
凡登 東棧商務旅店 (Vendome East Inn),7.9,2534.0,1586.0,大安區,25.04175,121.55192
橙舍青旅 - 台北二館 (TW-Taipei Backpackers Hostel),8.0,357.0,1253.0,萬華區,25.0457,121.50689
宰相民宿  (ZaiXiang),7.8,237.0,1336.0,淡水區,25.17153,121.44538
富裕自由旅店 - 三重正義館 (RF Hotel - San Chong),7.6,627.0,998.0,三重區,25.0619,121.49748
愛莉亞汽車旅館 (Alia Motel),7.0,334.0,1732.0,三峽區,24.93595,121.36387
冠君大飯店 (Champion Hotel),7.4,54.0,,板橋區,25.00594,121.46189
卡夫人背包客棧 台北車站青年館 (Cavemen Hostel Taipei Station Youth Branch),8.6,2099.0,878.0,中正區,25.04466,121.51467
旅行邦尼青年旅店 (tourist Bunny Hostel),8.7,616.0,1367.0,淡水區,25.17028,121.44225
橙舍青旅 - 台北一館 (TW-Taipei City Hostel),7.7,1292.0,1265.0,萬華區,25.0457,121.50689
東驛商旅西寧館 (E-House),8.2,1768.0,3853.0,萬華區,25.04463,121.50565
九窩 - 九份膠囊旅店 (Box Inn Jiufen),9.1,705.0,1236.0,瑞芳區,25.1087,121.84499
棧留台北 (Taipei Taipei Hostel),8.2,1881.0,1288.0,中正區,25.04445,121.51313
迪化街棧 (Di Hua Jie Stay),8.2,504.0,8383.0,大同區,23.479,119.88131
Wulai Spring Resort,,,,烏來區,24.8655,121.55152
旅行邦尼青年旅店 (tourist Bunny Hostel),8.7,616.0,1367.0,淡水區,25.17028,121.44225
橙舍青旅 - 台北一館 (TW-Taipei City Hostel),7.7,1292.0,1265.0,萬華區,25.04566,121.50709
富裕自由旅店 - 三重正義館 (RF Hotel - San Chong),7.6,627.0,998.0,三重區,25.0619,121.49748
九窩 - 九份膠囊旅店 (Box Inn Jiufen),9.1,705.0,1236.0,瑞芳區,25.1087,121.84499
迪化街棧 (Di Hua Jie Stay),8.2,504.0,8383.0,大同區,23.479,119.88131
THE Tango Hotel Taipei Shilin,9.0,82.0,2500.0,士林區,25.04574,121.50628
仙渡莊旅社 (XDZ Hotel),,,1135.0,北投區,25.1237,121.46562
